<?xml version='1.0' encoding='utf-8'?>
<list>
	<action id="0" type="player_sit" transform="false"/>
	<action id="1" type="player_run"/>
	<action id="7" type="player_next_target"/>
	<action id="10" type="player_private_store_sell" transform="false"/>
	<action id="15" type="servitor_follow"/>
	<action id="16" type="servitor_attack"/>
	<action id="17" type="servitor_stop"/>
	<action id="19" type="servitor_unsummon"/>
	<action id="28" type="player_private_store_buy" transform="false"/>
	<action id="12" type="player_social" social="GREETING" transform="false"/>
	<action id="13" type="player_social" social="VICTORY" transform="false"/>
	<action id="14" type="player_social" social="ADVANCE" transform="false"/>
	<action id="21" type="servitor_follow"/>
	<action id="22" type="servitor_attack"/>
	<action id="23" type="servitor_stop"/>
	<action id="24" type="player_social" social="YES" transform="false"/>
	<action id="25" type="player_social" social="NO" transform="false"/>
	<action id="26" type="player_social" social="BOW" transform="false"/>
	<action id="29" type="player_social" social="UNAWARE" transform="false"/>
	<action id="30" type="player_social" social="WAITING" transform="false"/>
	<action id="31" type="player_social" social="LAUGH" transform="false"/>
	<!-- Wild Hog Cannon - Mode Change -->
	<action id="32" type="servitor_skill" skill_id="4230"/>
	<action id="33" type="player_social" social="APPLAUD" transform="false"/>
	<action id="34" type="player_social" social="DANCE" transform="false"/>
	<action id="35" type="player_social" social="SORROW" transform="false"/>
	<!-- Soulless - Toxic Smoke -->
	<action id="36" type="servitor_skill" skill_id="4259"/>
	<action id="37" type="player_private_store_manufacture" transform="false"/>
	<action id="38" type="player_mount" transform="false"/>
	<!-- Soulless - Parasite Burst -->
	<action id="39" type="servitor_skill" skill_id="4138"/>
	<!-- Wild Hog Cannon - Attack -->
	<action id="41" type="servitor_skill" skill_id="4230"/>
	<!-- Kai the Cat - Self Damage Shield -->
	<action id="42" type="servitor_skill" skill_id="4378"/>
	<!-- Unicorn Merrow - Hydro Screw -->
	<action id="43" type="servitor_skill" skill_id="4137"/>
	<!-- Big Boom - Boom Attack -->
	<action id="44" type="servitor_skill" skill_id="4139"/>
	<!-- Unicorn Boxer - Master Recharge -->
	<action id="45" type="servitor_skill" skill_id="4025"/>
	<!-- Mew the Cat - Mega Storm Strike -->
	<action id="46" type="servitor_skill" skill_id="4261"/>
	<!-- Silhouette - Steal Blood -->
	<action id="47" type="servitor_skill" skill_id="4260"/>
	<!-- !Mechanic Golem - Mech. Cannon -->
	<action id="48" type="servitor_skill" skill_id="4068"/>
	<action id="51" type="player_common_craft" transform="false"/>
	<action id="52" type="servitor_unsummon"/>
	<action id="53" type="servitor_move_to_target"/>
	<action id="54" type="servitor_move_to_target"/>
	<action id="61" type="player_private_store_package_sell" transform="false"/>
	<action id="62" type="player_social" social="CHARM" transform="false"/>
	<action id="65" type="player_bot_report"/>
	<action id="66" type="player_social" social="SHYNESS" transform="false"/>
	<action id="67" type="player_airship_steer"/>
	<action id="68" type="player_airship_cancel_control"/>
	<action id="69" type="player_airship_destination_map"/>
	<action id="70" type="player_airship_exit"/>
	<action id="71" type="player_social_couple" social="EXCHANGE_BOWS" transform="false"/>
	<action id="72" type="player_social_couple" social="HIGH_FIVE" transform="false"/>
	<action id="73" type="player_social_couple" social="COUPLE_DANCE" transform="false"/>
	<!-- Siege Golem - Siege Hammer  -->
	<action id="1000" type="servitor_skill" skill_id="4079"/>
	<!-- Sin Eater - Ultimate Bombastic Buster
	<action id="1001" type="servitor_skill" skill_id="4137"/> -->
	<!-- Wind Hatchling/Strider - Wild Stun -->
	<action id="1003" type="servitor_skill" skill_id="4710"/>
	<!-- Wind Hatchling/Strider - Wild Defense -->
	<action id="1004" type="servitor_skill" skill_id="4711"/>
	<!-- Star Hatchling/Strider - Bright Burst -->
	<action id="1005" type="servitor_skill" skill_id="4712"/>
	<!-- Star Hatchling/Strider - Bright Heal -->
	<action id="1006" type="servitor_skill" skill_id="4713"/>
	<!-- Cat Queen - Blessing of Queen -->
	<action id="1007" type="servitor_skill" skill_id="4699"/>
	<!-- Cat Queen - Gift of Queen -->
	<action id="1008" type="servitor_skill" skill_id="4700"/>
	<!-- Cat Queen - Cure of Queen -->
	<action id="1009" type="servitor_skill" skill_id="4701"/>
	<!-- Unicorn Seraphim - Blessing of Seraphim -->
	<action id="1010" type="servitor_skill" skill_id="4702"/>
	<!-- Unicorn Seraphim - Gift of Seraphim -->
	<action id="1011" type="servitor_skill" skill_id="4703"/>
	<!-- Unicorn Seraphim - Cure of Seraphim -->
	<action id="1012" type="servitor_skill" skill_id="4704"/>
	<!-- Nightshade - Curse of Shade -->
	<action id="1013" type="servitor_skill" skill_id="4705"/>
	<!-- Nightshade - Mass Curse of Shade -->
	<action id="1014" type="servitor_skill" skill_id="4706"/>
	<!-- Nightshade - Shade Sacrifice -->
	<action id="1015" type="servitor_skill" skill_id="4707"/>
	<!-- Cursed Man - Cursed Blow -->
	<action id="1016" type="servitor_skill" skill_id="4709"/>
	<!-- Cursed Man - Cursed Strike/Stun -->
	<action id="1017" type="servitor_skill" skill_id="4708"/>
	<!-- Feline King - Slash -->
	<action id="1031" type="servitor_skill" skill_id="5135"/>
	<!-- Feline King - Spin Slash -->
	<action id="1032" type="servitor_skill" skill_id="5136"/>
	<!-- Feline King - Hold of King -->
	<action id="1033" type="servitor_skill" skill_id="5137"/>
	<!-- Magnus the Unicorn - Whiplash -->
	<action id="1034" type="servitor_skill" skill_id="5138"/>
	<!-- Magnus the Unicorn - Tridal Wave -->
	<action id="1035" type="servitor_skill" skill_id="5139"/>
	<!-- Spectral Lord - Corpse Kaboom -->
	<action id="1036" type="servitor_skill" skill_id="5142"/>
	<!-- Spectral Lord - Dicing Death -->
	<action id="1037" type="servitor_skill" skill_id="5141"/>
	<!-- Spectral Lord - Force Curse -->
	<action id="1038" type="servitor_skill" skill_id="5140"/>
	<!-- Swoop Cannon - Cannon Fodder -->
	<action id="1039" type="servitor_skill" skill_id="5110"/>
	<!-- Swoop Cannon - Big Bang -->
	<action id="1040" type="servitor_skill" skill_id="5111"/>
	<!-- Great Wolf - Bite Attack -->
	<action id="1041" type="servitor_skill_by_level" skills="5442-1;5442-2;5442-3;5442-4;" levels="55;60;65;70;"/>
	<!-- Great Wolf - Moul -->
	<action id="1042" type="servitor_skill_by_level" skills="5444-1;5444-2;" levels="65;70;"/>
	<!-- Great Wolf - Cry of the Wolf -->
	<action id="1043" type="servitor_skill_by_level" skills="5443-1;5443-2;5443-3;5443-4;" levels="60;65;70;75;"/>
	<!-- Great Wolf - Awakening 70 -->
	<action id="1044" type="servitor_skill_by_level" skills="5445-1;" levels="70;"/>
	<!-- Wolf Howl -->
	<action id="1045" type="servitor_skill" skill_id="5584"/>
	<!-- !Strider - Roar -->
	<action id="1046" type="servitor_skill" skill_id="5585"/>
	<!-- !Divine Beast - Bite -->
	<action id="1047" type="servitor_skill" skill_id="5580"/>
	<!-- !Divine Beast - Stun Attack -->
	<action id="1048" type="servitor_skill" skill_id="5581"/>
	<!-- !Divine Beast - Fire Breath -->
	<action id="1049" type="servitor_skill" skill_id="5582"/>
	<!-- !Divine Beast - Roar -->
	<action id="1050" type="servitor_skill" skill_id="5583"/>
	<!-- Feline Queen - Bless The Body -->
	<action id="1051" type="servitor_skill" skill_id="5638"/>
	<!-- Feline Queen - Bless The Soul -->
	<action id="1052" type="servitor_skill" skill_id="5639"/>
	<!-- Feline Queen - Haste -->
	<action id="1053" type="servitor_skill" skill_id="5640"/>
	<!-- Unicorn Seraphim - Acumen -->
	<action id="1054" type="servitor_skill" skill_id="5643"/>
	<!-- Unicorn Seraphim - Clarity -->
	<action id="1055" type="servitor_skill" skill_id="5647"/>
	<!-- Unicorn Seraphim - Empower -->
	<action id="1056" type="servitor_skill" skill_id="5648"/>
	<!-- Unicorn Seraphim - Wild Magic -->
	<action id="1057" type="servitor_skill" skill_id="5646"/>
	<!-- Nightshade - Death Whisper -->
	<action id="1058" type="servitor_skill" skill_id="5652"/>
	<!-- Nightshade - Focus -->
	<action id="1059" type="servitor_skill" skill_id="5653"/>
	<!-- Nightshade - Guidance -->
	<action id="1060" type="servitor_skill" skill_id="5654"/>
	<!-- !Wild Beast Fighter, White Weasel - Death Blow -->
	<action id="1061" type="servitor_skill" skill_id="5745"/>
	<!-- !Wild Beast Fighter - Double Attack -->
	<action id="1062" type="servitor_skill" skill_id="5746"/>
	<!-- !Wild Beast Fighter - Spin Attack -->
	<action id="1063" type="servitor_skill" skill_id="5747"/>
	<!-- !Wild Beast Fighter - Meteor Shower -->
	<action id="1064" type="servitor_skill" skill_id="5748"/>
	<!-- !Fox Shaman, Wild Beast Fighter, White Weasel, Fairy Princess - Awakening -->
	<action id="1065" type="servitor_skill" skill_id="5753"/>
	<!-- !Fox Shaman, Spirit Shaman - Thunder Bolt -->
	<action id="1066" type="servitor_skill" skill_id="5749"/>
	<!-- !Fox Shaman, Spirit Shaman - Flash -->
	<action id="1067" type="servitor_skill" skill_id="5750"/>
	<!-- !Fox Shaman, Spirit Shaman - Lightning Wave -->
	<action id="1068" type="servitor_skill" skill_id="5751"/>
	<!-- !Fox Shaman, Fairy Princess - Flare -->
	<action id="1069" type="servitor_skill" skill_id="5752"/>
	<!-- White Weasel, Fairy Princess, Improved Baby Buffalo, Improved Baby Kookaburra, Improved Baby Cougar - Buff Control -->
	<action id="1070" type="servitor_skill" skill_id="5771"/>
	<!-- !Tigress - Power Striker -->
	<action id="1071" type="servitor_skill" skill_id="5761"/>
	<!-- !Toy Knight - Piercing attack -->
	<action id="1072" type="servitor_skill" skill_id="6046"/>
	<!-- !Toy Knight - Whirlwind -->
	<action id="1073" type="servitor_skill" skill_id="6047"/>
	<!-- !Toy Knight - Lance Smash -->
	<action id="1074" type="servitor_skill" skill_id="6048"/>
	<!-- !Toy Knight - Battle Cry -->
	<action id="1075" type="servitor_skill" skill_id="6049"/>
	<!-- !Turtle Ascetic - Power Smash -->
	<action id="1076" type="servitor_skill" skill_id="6050"/>
	<!-- !Turtle Ascetic - Energy Burst -->
	<action id="1077" type="servitor_skill" skill_id="6051"/>
	<!-- !Turtle Ascetic - Shockwave -->
	<action id="1078" type="servitor_skill" skill_id="6052"/>
	<!-- !Turtle Ascetic - Howl -->
	<action id="1079" type="servitor_skill" skill_id="6053"/>
	<!-- Phoenix - Rush -->
	<action id="1080" type="servitor_skill" skill_id="6041"/>
	<!-- Phoenix - Cleanse -->
	<action id="1081" type="servitor_skill" skill_id="6042"/>
	<!-- Phoenix - Flame Feather -->
	<action id="1082" type="servitor_skill" skill_id="6043"/>
	<!-- Phoenix - Flame Beak -->
	<action id="1083" type="servitor_skill" skill_id="6044"/>
	<!-- !Spirit Shaman, Toy Knight, Turtle Ascetic - Switch State -->
	<action id="1084" type="servitor_skill" skill_id="6054"/>
	<!-- Panther - Cancel -->
	<action id="1086" type="servitor_skill" skill_id="6094"/>
	<!-- Panther - Dark Claw -->
	<action id="1087" type="servitor_skill" skill_id="6095"/>
	<!-- Panther - Fatal Claw -->
	<action id="1088" type="servitor_skill" skill_id="6096"/>
	<!-- !Deinonychus - Tail Strike -->
	<action id="1089" type="servitor_skill" skill_id="6199"/>
	<!-- !Guardian's Strider - Strider Bite -->
	<action id="1090" type="servitor_skill" skill_id="6205"/>
	<!-- !Guardian's Strider - Strider Fear -->
	<action id="1091" type="servitor_skill" skill_id="6206"/>
	<!-- !Guardian's Strider - Strider Das -->
	<action id="1092" type="servitor_skill" skill_id="6207"/>
	<!-- Maguen - Maguen Strike -->
	<action id="1093" type="servitor_skill_by_level" skills="6618-1;6618-2;6618-3;6618-4;6618-5;6618-6;6618-7" levels="0;60;65;70;75;80;85"/>
	<!-- Maguen - Maguen Wind Walk -->
	<action id="1094" type="servitor_skill_by_level" skills="6681-1;" levels="0;"/>
	<!-- Elite Maguen - Maguen Power Strike -->
	<action id="1095" type="servitor_skill_by_level" skills="6619-1;6619-2;6619-3;6619-4;6619-5;6619-6;6619-7" levels="0;60;65;70;75;80;85"/>
	<!-- Elite Maguen - Elite Maguen Wind Walk -->
	<action id="1096" type="servitor_skill_by_level" skills="6682-1;" levels="0;"/>
	<!-- Maguen - Maguen Return -->
	<action id="1097" type="servitor_skill_by_level" skills="6683-1;" levels="0;"/>
	<!-- // Elite Maguen - Maguen Party Return -->
	<action id="1098" type="servitor_skill_by_level" skills="6684-1;" levels="0;"/>
	<!-- Event Lovers' Jubilee pets actions -->
	<action id="5001" type="servitor_skill" skill_id="23167"/>
	<action id="5002" type="servitor_skill" skill_id="23168"/>
	<action id="5003" type="servitor_skill_by_level" skills="5749-1;5749-2;5749-3;5749-4;5749-5;5749-6;5749-7;5749-8;" levels="0;10;20;30;40;50;60;70;"/>
	<action id="5004" type="servitor_skill_by_level" skills="5750-1;5750-2;5750-3;5750-4;5750-5;5750-6;5750-7;5750-8;" levels="0;10;20;30;40;50;60;70;"/>
	<action id="5005" type="servitor_skill_by_level" skills="5751-1;5751-2;5751-3;5751-4;5751-5;5751-6;5751-7;5751-8;" levels="0;10;20;30;40;50;60;70;"/>
	<action id="5006" type="servitor_skill" skill_id="5771"/>
	<action id="5007" type="servitor_skill_by_level" skills="6046-1;6046-2;6046-3;6046-4;6046-5;6046-6;6046-7;6046-8" levels="0;10;20;30;40;50;60;70;"/>
	<action id="5008" type="servitor_skill_by_level" skills="6047-1;6047-2;6047-3;6047-4;6047-5;6047-6;6047-7;6047-8" levels="0;10;20;30;40;50;60;70;"/>
	<action id="5009" type="servitor_skill_by_level" skills="6048-1;6048-2;6048-3;6048-4;6048-5;6048-6;6048-7;6048-8" levels="0;10;20;30;40;50;60;70;"/>
	<action id="5010" type="servitor_skill_by_level" skills="6049-1;" levels="0;"/>
	<action id="5011" type="servitor_skill_by_level" skills="6050-1;6050-2;6050-3;6050-4;6050-5;6050-6;6050-7;6050-8" levels="0;10;20;30;40;50;60;70;"/>
	<action id="5012" type="servitor_skill_by_level" skills="6051-1;6051-2;6051-3;6051-4;6051-5;6051-6;6051-7;6051-8" levels="0;10;20;30;40;50;60;70;"/>
	<action id="5013" type="servitor_skill_by_level" skills="6052-1;6052-2;6052-3;6052-4;6052-5;6052-6;6052-7;6052-8" levels="0;10;20;30;40;50;60;70;"/>
	<action id="5014" type="servitor_skill_by_level" skills="6053-1;" levels="0;"/>
	<action id="5015" type="servitor_skill_by_level" skills="6054-1;" levels="0;"/>
</list>
